cycle,CCCT,CVCT,SoH,cell
7.0,6496.577198405263,2283.9507031212343,1.0000478981282561,CS2_38
8.0,6439.623195921762,2271.8103332640603,0.9984021345284045,CS2_38
9.0,6415.092145070012,2258.9823141232773,0.9969474662633878,CS2_38
10.0,6394.998809715762,2249.9354017590085,0.9906846383949363,CS2_38
11.0,6397.405589707065,2182.4548658502754,0.9981404250030653,CS2_38
12.0,6468.400697209552,2111.082761991798,0.9992333741462591,CS2_38
13.0,6490.075871653608,2088.286936660996,1.0028578447936947,CS2_38
14.0,6496.797142578813,2066.178579843196,1.0026052777020336,CS2_38
15.0,6499.673933211248,2050.335799314431,0.9989096941535482,CS2_38
16.0,6500.504849791032,2034.66379062162,0.9987327372370702,CS2_38
17.0,6503.756362972374,2018.775187909836,0.9983388916467517,CS2_38
18.0,6502.898960797378,2006.8220373658403,0.998060620539722,CS2_38
19.0,6501.4611165219685,2001.322160319978,0.9976099069539011,CS2_38
20.0,6497.805527348974,1994.7601060867016,0.9971966244752,CS2_38
21.0,6495.134921768098,1986.1354484862527,0.9968349014354516,CS2_38
22.0,6492.1200835436175,1983.5883089608103,0.996513660698339,CS2_38
23.0,6491.778134571534,1973.9334388437564,0.9962235980584008,CS2_38
24.0,6489.763763308525,1964.027271697123,0.9959292173856791,CS2_38
25.0,6487.263477141154,1962.2302604020808,0.995545050201746,CS2_38
26.0,6482.388735109067,1961.589870723954,0.9952315656057272,CS2_38
27.0,6437.870341243572,2054.253773185832,0.9806044151915518,CS2_38
28.0,6324.785156537779,2122.000545357296,0.9740290063668232,CS2_38
29.0,6288.596350372827,2135.5309623095677,0.9725729697609585,CS2_38
30.0,6263.907610661874,2148.3432387495995,0.9714770032459634,CS2_38
31.0,6238.6257849182,2168.076836817898,0.9702876967818824,CS2_38
32.0,6279.071054484637,2044.958388487052,0.9798470569155899,CS2_38
33.0,6363.015693659603,2010.6788765207748,0.9809086571833813,CS2_38
34.0,6339.001178032602,2090.4856030842056,0.9706018937242596,CS2_38
35.0,6232.626736649021,2146.264688913885,0.9636826107652434,CS2_38
36.0,6190.798475572141,2155.717553405848,0.96360854416001,CS2_38
37.0,6194.141292705957,2153.514410275151,0.962928720642935,CS2_38
38.0,6171.734681827482,2181.060684005148,0.9626672819089792,CS2_38
39.0,6224.445292823599,2052.738896431867,0.9717907056138909,CS2_38
40.0,6300.920412081701,2024.005809042137,0.9728269290390625,CS2_38
41.0,6279.718524895143,2099.0319200608064,0.9626045911228399,CS2_38
42.0,6167.86017726484,2168.717890711501,0.9568166300638682,CS2_38
43.0,6132.454342069395,2204.591718729061,0.9566561315049995,CS2_38
44.0,6122.251938039495,2225.263270300988,0.9567009248810406,CS2_38
45.0,6136.360467896913,2202.71615219512,0.9550930584007167,CS2_38
46.0,6144.833524090005,2129.2057638036786,0.9644931674230756,CS2_38
47.0,6212.044519801624,2128.2895444229944,0.9692568889140307,CS2_38
48.0,6205.344987460761,2185.500105183688,0.9566263125442317,CS2_38
49.0,6073.549734242144,2344.589532456943,0.9549991387298273,CS2_38
50.0,6032.034412371111,2398.6670360101853,0.9544598214848645,CS2_38
51.0,5981.378092605853,2467.509699785616,0.9543472283477868,CS2_38
52.0,5954.252968811197,2535.398525588331,0.9543271926505991,CS2_38
53.0,6043.285912932617,2378.6205714322614,0.9911762827951864,CS2_38
54.0,6205.530509498676,2649.881314223141,0.9917192303468365,CS2_38
55.0,6262.055446784678,2529.8570449335275,0.9966276589438313,CS2_38
56.0,6259.669964203087,2539.2496620704696,0.9971679717084746,CS2_38
57.0,6179.649234482866,2693.476228919375,0.9889357753896785,CS2_38
58.0,6099.563899887406,2752.6301807686104,0.9824874945289949,CS2_38
59.0,6123.439138342874,2671.491056725616,0.9822817370069096,CS2_38
60.0,6072.50254566611,2739.2867671562126,0.980465694390169,CS2_38
61.0,5976.343201813739,2885.3767410268338,0.9804888266567519,CS2_38
62.0,6004.053058061647,2840.115021119156,0.9800957332797758,CS2_38
63.0,5984.521718428616,2846.317624555406,0.9736178533813215,CS2_38
64.0,5931.906125611946,2905.17252053041,0.9666776294783868,CS2_38
65.0,5882.7034018751,2938.81271526654,0.9663090856619582,CS2_38
66.0,5886.640963039012,2908.844539937621,0.964533896217033,CS2_38
67.0,5864.063538374874,2794.06502993693,0.9566721227374236,CS2_38
68.0,5817.34864315216,3004.158777515113,0.9640138126073629,CS2_38
69.0,5823.61516204034,2956.5804564245045,0.9630259928220047,CS2_38
70.0,5772.815468423214,3008.3738825036853,0.955839681532726,CS2_38
71.0,5736.877703841077,2976.14007035573,0.9557375866027479,CS2_38
72.0,5766.7837041357125,2945.9063265535224,0.9555153190682967,CS2_38
73.0,5765.346361761214,2930.937830154784,0.9497241272209251,CS2_38
74.0,5733.064985348494,2941.406975756923,0.9564575305972302,CS2_38
75.0,5815.552520135941,2834.09774915094,0.956481049424297,CS2_38
76.0,5810.553140784323,2820.441954639158,0.955935836777998,CS2_38
77.0,5797.709260793461,2854.0973832729505,0.9555092847179666,CS2_38
78.0,5804.6625021453365,2819.7384246510337,0.9550831543374227,CS2_38
79.0,5801.912222607469,2816.94208225538,0.9551541470895649,CS2_38
80.0,5807.522749005642,2819.192491612979,0.9547462232059515,CS2_38
81.0,5791.6469902649405,2818.207557348651,0.9499395403681451,CS2_38
82.0,5780.06888806168,2825.363597617892,0.9497100495596785,CS2_38
83.0,5754.303576111677,2859.456986082252,0.9493105605709623,CS2_38
84.0,5754.397314426431,2853.3787373460364,0.9488037257850737,CS2_38
85.0,5765.427816431329,2829.988404269156,0.9483832034574315,CS2_38
87.0,5796.396915650577,2836.598181081761,0.9481184328839448,CS2_38
88.0,5751.741265339719,2828.5353181012324,0.9473665860172058,CS2_38
89.0,5741.475375678914,2849.92568260635,0.9469334253303439,CS2_38
90.0,5732.115821815969,2864.1751641989104,0.9466201516794225,CS2_38
91.0,5671.23755361978,2987.623794860672,0.932658532601334,CS2_38
92.0,5582.753139654233,3032.3570347033674,0.9320107063638583,CS2_38
93.0,5577.722053855483,3036.747597947892,0.9314535322682359,CS2_38
95.0,5794.210824254389,2666.796024949588,0.9408275745076365,CS2_38
96.0,5739.384127930487,2764.5761102355464,0.9413631002843506,CS2_38
97.0,5724.182900142285,2797.8600908818557,0.9495810181782993,CS2_38
98.0,5774.094949601502,2783.486289371933,0.9499227099461914,CS2_38
99.0,5774.534578969047,2774.626443989808,0.9462752199644388,CS2_38
100.0,5678.791736554718,2922.3869707319536,0.9408445546792001,CS2_38
101.0,5675.27568850285,2901.9813729455345,0.9403216393665973,CS2_38
102.0,5690.418239339342,2881.7281706467475,0.9396711391187771,CS2_38
103.0,5639.620234088157,2955.9955591943,0.9386272387389973,CS2_38
104.0,5671.793179173779,2831.703649295363,0.9468640020142955,CS2_38
105.0,5763.768270967921,2748.018678533699,0.9472116356008332,CS2_38
106.0,5773.504434414761,2699.533556459792,0.9390408629746362,CS2_38
107.0,5657.010603946779,2885.3714117720665,0.9332991599555247,CS2_38
108.0,5642.307125773194,2851.9690798126685,0.9319761553395411,CS2_38
109.0,5637.760927141993,2837.6063481548044,0.9320613193960221,CS2_38
110.0,5606.135350617464,2893.464630160277,0.9303319586713079,CS2_38
111.0,5625.854383487225,2790.312635050941,0.9397652606021726,CS2_38
112.0,5727.954436386994,2731.1898302292684,0.9401552692228735,CS2_38
113.0,5754.846905211452,2648.2064027626475,0.9317216831922704,CS2_38
114.0,5610.572794329724,2877.38669565224,0.9301984969281618,CS2_38
115.0,5591.478498670127,2881.105405574286,0.9300241672742667,CS2_38
116.0,5624.275549534825,2749.35604647483,0.924962378826267,CS2_38
117.0,5793.851661338529,2414.87678769161,0.9165221696143997,CS2_38
119.0,5734.921129855735,2695.7832861381467,0.931854542059907,CS2_38
120.0,5701.0481699666125,2717.924041725346,0.9332795643155469,CS2_38
121.0,5705.627725531813,2733.6436986774206,0.9388122782678678,CS2_38
122.0,5708.255103997712,2760.1600465611555,0.9393466688446014,CS2_38
123.0,5727.006369726791,2736.0983624909422,0.9399810478010332,CS2_38
124.0,5738.426018391619,2719.396071483032,0.9403751775068844,CS2_38
125.0,5738.259033641953,2716.0063744226936,0.9408087609316532,CS2_38
126.0,5759.229832006036,2696.1945878103143,0.9409528457315105,CS2_38
127.0,5749.354910116817,2705.4636771584046,0.9411966004316257,CS2_38
128.0,5739.781251391687,2737.960498914996,0.9415085788547457,CS2_38
129.0,5750.684848081553,2737.820179606497,0.9415927113402335,CS2_38
130.0,5758.4037730208365,2729.617462412396,0.9416226916226574,CS2_38
131.0,5774.845276733453,2712.586645232572,0.9416064074746952,CS2_38
132.0,5772.998679978889,2717.852278869192,0.941613268723179,CS2_38
133.0,5766.015019628219,2720.477446110453,0.9416335974770402,CS2_38
134.0,5745.796460975194,2768.227543604968,0.941633876169707,CS2_38
135.0,5656.378666032571,2946.1224466064014,0.9249736462497095,CS2_38
136.0,5554.356076072087,2948.2154542604694,0.9249746571738591,CS2_38
137.0,5542.96595454152,2979.011791245488,0.9244049148516189,CS2_38
138.0,5629.527224147576,2683.734148747404,0.9154005083677191,CS2_38
139.0,5520.308865912608,2924.292671795003,0.9298644304435862,CS2_38
140.0,5623.191329810536,2831.8930671615526,0.9332885295483981,CS2_38
141.0,5672.866515471367,2795.9261004742,0.9376128522007118,CS2_38
142.0,5609.111900378717,2966.027837108355,0.9222928259696482,CS2_38
143.0,5505.559047180926,2977.042567003868,0.9237465242407286,CS2_38
144.0,5806.743958204904,2336.956437690233,0.9162834176912877,CS2_38
145.0,5784.680434735934,2375.7368652035257,0.9216761684924161,CS2_38
146.0,5875.64026033445,2216.78970977517,0.9287946832543174,CS2_38
147.0,5911.925033039392,2198.212719755087,0.9290838813117246,CS2_38
148.0,5847.891944353789,2347.487905348731,0.9142768531217684,CS2_38
149.0,5738.274531451963,2405.6896783532648,0.913646148521666,CS2_38
150.0,5729.318496320426,2384.5963623113057,0.9145515244336455,CS2_38
151.0,5802.899661032745,2256.536568694952,0.9129974701698503,CS2_38
152.0,5747.36805335166,2318.6744072897127,0.9077504900467276,CS2_38
153.0,5807.714741384087,2159.679645668992,0.921657695017583,CS2_38
154.0,5897.235974298921,2118.7755847349617,0.9223651258448217,CS2_38
155.0,5909.738094639673,2081.712271067023,0.9131180609650764,CS2_38
156.0,5749.243686410307,2308.94087852948,0.9074281207717989,CS2_38
157.0,5754.306132444472,2261.332452819537,0.9127773999469819,CS2_38
158.0,5770.274571099028,2263.5822729266365,0.9078292170652578,CS2_38
159.0,5761.071588122693,2257.2699825988675,0.9051566840459594,CS2_38
160.0,5696.883905506838,2303.379867360054,0.9145673453294695,CS2_38
161.0,5854.032058428158,2133.1188191246765,0.9203287931906573,CS2_38
162.0,5883.863238122111,2105.885601082671,0.915009227362844,CS2_38
163.0,5785.9171084488335,2270.816655874485,0.9049437789414203,CS2_38
164.0,5701.43075111293,2295.2068180415954,0.9050181859878615,CS2_38
165.0,5711.076431866095,2273.020456103899,0.9050751787468313,CS2_38
166.0,5705.697350035276,2283.081935258815,0.9048835571449035,CS2_38
167.0,5692.071519185207,2314.2220104974112,0.9064369278022981,CS2_38
168.0,5794.982987161726,2152.7893565021222,0.9142106873144356,CS2_38
169.0,5846.689111648244,2126.118932174926,0.9149574548289767,CS2_38
170.0,5859.518812555529,2104.2911544135422,0.9190744459768523,CS2_38
171.0,5869.098091038351,2094.744896805845,0.9193931773277173,CS2_38
172.0,5875.442111935583,2084.3858936502947,0.9196551725691625,CS2_38
173.0,5905.054299676849,2088.3400443588034,0.9202366838037599,CS2_38
174.0,5895.055172993452,2053.887641896901,0.9204637244896196,CS2_38
175.0,5897.024804521643,2060.450075525907,0.9204810744314075,CS2_38
176.0,5898.493555510067,2057.872169631126,0.9205188340419421,CS2_38
177.0,5899.431242335646,2054.5129983277875,0.9205200163610037,CS2_38
178.0,5899.993802261772,2053.9976780841826,0.9205648683163663,CS2_38
179.0,5902.572650583927,2048.356876024336,0.9206663886266436,CS2_38
180.0,5905.995307472127,2041.9041546892256,0.9209634600118898,CS2_38
181.0,5914.027451108326,2034.4670182625412,0.9211707637765977,CS2_38
182.0,5926.341200781928,2016.8897274404296,0.9218919595777206,CS2_38
183.0,5938.545813838835,2005.936999757134,0.9220771899294065,CS2_38
184.0,5870.853625898599,2156.788741016295,0.9070176039953818,CS2_38
185.0,5755.448663723364,2224.192568389175,0.9061491880906989,CS2_38
186.0,5744.761490735284,2227.7551511388738,0.905945536525773,CS2_38
187.0,5740.166814546683,2233.893776908168,0.9058105662495328,CS2_38
188.0,5725.697714391747,2258.6289655293804,0.9044991859555975,CS2_38
189.0,5756.323972719256,2154.7271009152755,0.9137039948319656,CS2_38
190.0,5849.613052113564,2101.713526938809,0.9145877715618284,CS2_38
191.0,5868.333600382204,2070.448796085548,0.9062010571295744,CS2_38
192.0,5706.290882072528,2304.1438177177915,0.8998883728828109,CS2_38
193.0,5676.44775568284,2335.143162671824,0.9067543242078592,CS2_38
194.0,5781.056551054748,2197.835029847971,0.9197611214325927,CS2_38
195.0,5870.23614588839,2128.884594207848,0.9207486492246628,CS2_38
196.0,5888.176137216746,2113.229374666378,0.9129248901143785,CS2_38
197.0,5744.760535104935,2289.0196904542463,0.9061144171745097,CS2_38
198.0,5736.32206848904,2261.6917368477443,0.9068791045013563,CS2_38
199.0,5749.745280917356,2258.0828348982614,0.9072860769229901,CS2_38
200.0,5754.104547968585,2254.395667641525,0.9062843017735788,CS2_38
201.0,5737.682217194451,2273.317079416316,0.9133128551120262,CS2_38
202.0,5841.955820289877,2121.135134955315,0.9155132391495269,CS2_38
203.0,5874.786995875082,2093.167686591536,0.9203072834750743,CS2_38
204.0,5818.562978332426,2240.380286293482,0.9059965365786165,CS2_38
205.0,5736.791584192484,2248.067136444006,0.9061388150365777,CS2_38
206.0,5764.557336787606,2279.270040868927,0.9057983720767799,CS2_38
207.0,5736.667612154153,2240.0052893884717,0.9055178912363939,CS2_38
208.0,5774.04350235124,2145.446770828712,0.9147509418460636,CS2_38
209.0,5874.099465734122,2076.6055969928566,0.9200525662134995,CS2_38
210.0,5890.165034385049,2072.215762305132,0.9127627727897383,CS2_38
211.0,5759.8093238368165,2238.786414078233,0.9057123350767756,CS2_38
212.0,5749.106215441658,2208.6470190664404,0.907522365440094,CS2_38
213.0,5776.169873906794,2209.961024676595,0.9148033192082516,CS2_38
214.0,5886.4473971305415,2051.169606196636,0.9204886741833438,CS2_38
215.0,5925.981929886504,2055.607855594892,0.9205878856276756,CS2_38
216.0,5909.65459805436,2031.436474078044,0.9207518910894804,CS2_38
217.0,5914.593117593904,2033.9680092192136,0.9210010862915846,CS2_38
218.0,5920.015585277521,2028.593370799732,0.921165391980385,CS2_38
219.0,5923.750742509612,2025.5154708830523,0.9214073315756564,CS2_38
220.0,5935.14269421366,2004.7040154435672,0.9220169668733357,CS2_38
221.0,5941.206979277078,2003.2355235819125,0.9218699520410296,CS2_38
222.0,5940.629142467573,1996.4232091270387,0.9218841101079936,CS2_38
223.0,5958.114037831314,2018.2824961153087,0.9219281204838898,CS2_38
224.0,5944.020318203955,2001.345249547041,0.9220532665300344,CS2_38
225.0,5944.473995567358,2001.68921153422,0.9221565069365176,CS2_38
226.0,5946.068026142952,1996.0331365708844,0.9222914880993085,CS2_38
227.0,5948.974986854068,1994.142303651024,0.9222952226477752,CS2_38
228.0,5951.162782759289,1989.283271373948,0.9223087281363203,CS2_38
229.0,5950.147025653161,1987.4084778960096,0.9223526206295986,CS2_38
230.0,5951.382004761137,1991.0336111763029,0.922320717203373,CS2_38
231.0,5890.751824498351,2120.431367388228,0.9081238680592423,CS2_38
232.0,5782.749026669306,2188.8362418738543,0.9127756223394857,CS2_38
233.0,5791.609507763176,2187.53857836104,0.9078626069613682,CS2_38
234.0,5774.640622264415,2201.0375367379165,0.9060334160732938,CS2_38
235.0,5742.216300067841,2225.9431998797227,0.9050639249648297,CS2_38
236.0,5777.452922493452,2118.5265402566874,0.9141492247047812,CS2_38
237.0,5866.119340062724,2065.2478358938824,0.9152143134247857,CS2_38
238.0,5886.4674740005285,2043.733575154096,0.9078470556096214,CS2_38
239.0,5753.576621322543,2228.505651057116,0.9050634428903918,CS2_38
240.0,5721.669436274778,2241.084352701552,0.9067959943459855,CS2_38
241.0,5765.467210437204,2209.2562592236027,0.906748579485921,CS2_38
242.0,5736.230799953726,2262.801622563238,0.8998433217733353,CS2_38
243.0,5755.013739801274,2150.13435687466,0.9133409007738682,CS2_38
244.0,5845.147182510955,2091.261796075589,0.914121534357174,CS2_38
245.0,5862.774748698103,2055.949531595783,0.9068015727411901,CS2_38
246.0,5726.089932142539,2272.2541604069265,0.8995409343857607,CS2_38
247.0,5699.354181676186,2263.6605703991954,0.9048252810124935,CS2_38
248.0,5711.089764757024,2266.004195467918,0.8989505224993253,CS2_38
249.0,5681.119476351378,2278.504484126519,0.8994310777825962,CS2_38
250.0,5674.978445368251,2338.425204307656,0.9053891139137559,CS2_38
251.0,5779.049065131025,2143.1812710126687,0.9074625548818083,CS2_38
252.0,5812.114532269043,2112.057520257513,0.9123648199190748,CS2_38
253.0,5751.874469554779,2267.223846168694,0.8984589139471475,CS2_38
254.0,5671.38557450482,2294.066714572924,0.8982315145053432,CS2_38
255.0,5682.69894204571,2260.5204400858493,0.8991485873618588,CS2_38
256.0,5700.824669835827,2248.552246388106,0.89793662260613,CS2_38
257.0,5681.621493498387,2261.1922583826527,0.8980198468443079,CS2_38
258.0,5738.219731377525,2139.9157182104536,0.9068129676747625,CS2_38
259.0,5817.740804825909,2095.589616586396,0.9118666879866896,CS2_38
260.0,5824.758348980715,2096.571680072957,0.8988620303567804,CS2_38
261.0,5675.979650555411,2297.1133605199284,0.8975775529345694,CS2_38
262.0,5671.589677677723,2268.332767632324,0.8974322864632935,CS2_38
263.0,5654.119851123018,2298.3475999764632,0.8975865523361661,CS2_38
264.0,5668.590591532353,1227.9697400394944,0.905922918532082,CS2_38
267.0,5792.843706446813,2194.2255899623306,0.9076092256228805,CS2_38
268.0,5790.066589663511,2161.61709424491,0.8978792318588549,CS2_38
269.0,5710.6873010017225,2333.1413631209216,0.897761753513316,CS2_38
270.0,5621.278094414949,2383.9990309462446,0.8969584337368447,CS2_38
271.0,5604.919030268007,2388.3115769461,0.8976035631837056,CS2_38
272.0,4577.318038377186,2366.8528234634787,0.8971553082978232,CS2_38
273.0,5645.628335212761,2375.055539240104,0.8970455659647433,CS2_38
274.0,5638.581390022053,2359.915254411764,0.905311758820508,CS2_38
275.0,5688.206834499062,2234.6688115588186,0.9063947811954581,CS2_38
276.0,5772.9783742246,2170.718683728286,0.8998779851181857,CS2_38
277.0,5791.839820236586,2153.112811713036,0.8915358107401774,CS2_38
278.0,5659.647226578556,2362.5401095634297,0.8970676747615468,CS2_38
279.0,5612.14299050557,2370.5868965325208,0.8913426803313587,CS2_38
280.0,5626.424890008551,2373.4304930349463,0.891383228370593,CS2_38
281.0,5620.050302023883,2349.399717062144,0.8969795724368198,CS2_38
282.0,5589.440127660855,2420.92885348406,0.8989216038892722,CS2_38
283.0,5687.352038940531,2256.5915180738666,0.8994936188463323,CS2_38
284.0,5716.728671227145,2224.4539931582985,0.8901827896458601,CS2_38
285.0,5654.836152772274,2376.198527368222,0.889660048953552,CS2_38
286.0,5573.267414333037,2416.7412827743683,0.8896107090135099,CS2_38
287.0,5577.096083579876,2390.5857652568666,0.8891649886223519,CS2_38
288.0,5579.2218195328605,2384.5861504908244,0.8833443298810817,CS2_38
289.0,5550.36081340033,2430.8195626445813,0.8966572216700762,CS2_38
290.0,5602.864314885956,2284.9499369944388,0.897247613417444,CS2_38
291.0,5675.619246025424,2239.420244626992,0.8975188654871359,CS2_38
292.0,5693.792069568444,2223.264698209357,0.8977459047190447,CS2_38
293.0,5702.527290135797,2206.5932089484704,0.8980429385888703,CS2_38
294.0,5710.637551191874,2190.1095331063843,0.8984878358764423,CS2_38
295.0,5722.888110991218,2176.9558904164587,0.8989374484219829,CS2_38
296.0,5734.310736112646,2163.235900164291,0.898933452658372,CS2_38
297.0,5743.26506656938,2155.376709833741,0.8990950718448197,CS2_38
298.0,5743.905911657494,2151.251999195665,0.8989958230084669,CS2_38
299.0,5750.094247855421,2140.033751836454,0.8987801360398814,CS2_38
300.0,5747.388716353395,2144.8460271973745,0.8991331024370853,CS2_38
301.0,5743.734945246659,2148.252366954228,0.8991504544777196,CS2_38
302.0,5761.017747713195,2117.3625689931214,0.8992212869198909,CS2_38
303.0,5756.501978872751,2126.4247934648884,0.9038015929528749,CS2_38
304.0,5761.518547019048,2116.628858696262,0.9040350277877807,CS2_38
305.0,5768.222912089725,2112.926303404267,0.9040865573296112,CS2_38
306.0,5776.895479441038,2096.082430690818,0.8900426850097842,CS2_38
307.0,5583.225761142501,2358.306834424264,0.8889280007019988,CS2_38
308.0,5552.553410386608,2356.055097016797,0.8899531580845395,CS2_38
309.0,5525.240763596958,2401.4180616124067,0.8962628770384201,CS2_38
310.0,5666.01322958176,2195.453510592575,0.8964799078069123,CS2_38
311.0,5692.405566135072,2179.016848282714,0.88136284913872,CS2_38
312.0,5611.837574805599,2362.63494937832,0.8815348354898679,CS2_38
313.0,5507.319004107907,2406.5710984509205,0.8812119861218468,CS2_38
314.0,5532.928696175397,2359.3382499290165,0.8811195466751742,CS2_38
315.0,5522.538735867478,2371.338201420498,0.8748007899663003,CS2_38
317.0,5636.824821938877,2272.5297658214117,0.8907796839967553,CS2_38
318.0,5515.427840964403,2560.1622904951573,0.8898778225649686,CS2_38
319.0,5582.59854031008,2484.8352536918974,0.8969562810378817,CS2_38
320.0,5553.285912066229,2507.584741645718,0.8979950026325555,CS2_38
321.0,5660.165383194268,2327.450134538769,0.8982459945598608,CS2_38
322.0,5679.870005651392,2299.935457738138,0.8833907867998363,CS2_38
323.0,5609.961047502235,2459.5391698475432,0.8833548855357016,CS2_38
324.0,5513.801621805891,2508.490826833804,0.8831906417955602,CS2_38
325.0,5530.2084559046925,2464.288814508473,0.8826641016437723,CS2_38
326.0,5513.271121094891,2481.210342141945,0.8814020788058538,CS2_38
327.0,5485.115466440198,2531.893848023523,0.8899715287075819,CS2_38
328.0,5537.335337411321,2360.995491595211,0.8904015137617378,CS2_38
329.0,5613.994145007164,2318.7780164922588,0.8906185540191308,CS2_38
330.0,5626.291937900969,2297.841222374205,0.8906976973119171,CS2_38
331.0,5636.011425895704,2281.8728772949253,0.8911361846286127,CS2_38
332.0,5642.949539053516,2267.123632573872,0.8962091406312236,CS2_38
333.0,5657.465732443932,2243.71806972957,0.8963648816506503,CS2_38
334.0,5666.54424377752,2233.6430303714587,0.8913000745894419,CS2_38
335.0,5669.779565083707,2230.4688414910925,0.8911933244797229,CS2_38
336.0,5665.1238560192,2228.0155390515574,0.8910479430622738,CS2_38
337.0,5664.780542641674,2224.641345152195,0.8908623754623759,CS2_38
338.0,5662.437011114991,2217.406707684509,0.8907848097168616,CS2_38
339.0,5661.59339556552,2214.8286536004744,0.890754119408696,CS2_38
340.0,5662.468672399671,2210.5631494768318,0.890838575986395,CS2_38
341.0,5665.313008746016,2202.68858660321,0.8908202674007302,CS2_38
342.0,5670.126168636431,2194.470074943325,0.8907799456624064,CS2_38
343.0,5671.439089549356,2190.5017221772,0.8906421152860479,CS2_38
344.0,5671.408284558798,2187.0174639235483,0.881402675941021,CS2_38
345.0,5669.330029592966,2172.4998784987256,0.8743334106754184,CS2_38
346.0,5489.241357074177,2426.461351260834,0.874287840739892,CS2_38
347.0,5458.7726102721645,2434.4456448070705,0.8734639247295003,CS2_38
348.0,5451.069878238894,2451.2578030634904,0.8726714800227523,CS2_38
349.0,5430.866197219235,2463.7574012881378,0.8808224540231163,CS2_38
350.0,5399.928945148015,2518.757172591286,0.8821030198266321,CS2_38
351.0,5551.839439120609,2304.5287817047792,0.8826332316294908,CS2_38
352.0,5576.622617877671,2276.49863258854,0.8727009727228298,CS2_38
353.0,5506.212684524187,2441.430277054722,0.866676423390636,CS2_38
354.0,5405.491547599784,2491.3975361891207,0.8666687904825773,CS2_38
355.0,5404.273097136291,2476.272734980681,0.86668480915186,CS2_38
356.0,5382.741471931164,2510.975348501175,0.866391788312784,CS2_38
357.0,5401.132688170765,2472.397835047741,0.8800216630816952,CS2_38
358.0,5447.431464768015,2355.792811194784,0.8805094401596276,CS2_38
359.0,5508.277274292137,2349.590229978843,0.8724827028586192,CS2_38
360.0,5543.826006270188,2252.591777584981,0.8655183475435468,CS2_38
361.0,5387.945372602844,2508.7719176085666,0.8661257170258161,CS2_38
362.0,5371.80409360904,2500.678520332265,0.864638653216533,CS2_38
363.0,5363.429118198459,2538.318385422579,0.8650000708735432,CS2_38
364.0,5350.507565753884,2509.694123564521,0.8721408422965802,CS2_38
365.0,5345.523021400673,2564.536906559369,0.8736136047262845,CS2_38
366.0,5464.886407210259,2368.7772688333644,0.8742889409505795,CS2_38
367.0,5493.76279741968,2337.3877110672183,0.8726312245428979,CS2_38
368.0,5383.3515804694,2643.551485462229,0.8667285211329911,CS2_38
370.0,5396.772127231336,2565.5850606118256,0.880031817191085,CS2_38
371.0,5482.995000526702,2392.93280728277,0.8733858726581479,CS2_38
372.0,5508.917735889452,2358.090032572334,0.8647194831505818,CS2_38
373.0,5392.460767135402,2541.818384046026,0.8649006154713127,CS2_38
374.0,5330.803997955285,2556.724398069433,0.8646646443259574,CS2_38
375.0,5336.088486025576,2555.41171047806,0.8642973901553506,CS2_38
376.0,5334.178953407711,2551.583581307233,0.8646721136594278,CS2_38
378.0,5465.213177457277,2437.7752445891965,0.8726066858093123,CS2_38
379.0,5455.6520639706,2390.026437119086,0.8728365543870777,CS2_38
380.0,5464.761845193396,2374.323741073924,0.8730040974642441,CS2_38
381.0,5472.324663102656,2358.980791126727,0.8738313646347261,CS2_38
382.0,5489.700138192857,2324.9659707081737,0.8741901256961437,CS2_38
383.0,5509.060513269651,2309.4820786047785,0.8743119547022926,CS2_38
384.0,5517.404452282994,2299.7165433010086,0.8744547263468334,CS2_38
385.0,5522.967375379027,2290.092243369232,0.8745423028898525,CS2_38
386.0,5527.311745696643,2278.0767652957875,0.8746181248440518,CS2_38
387.0,5531.10912534513,2275.280399481737,0.8747003493701577,CS2_38
388.0,5533.375348024216,2268.4207730470225,0.8747904434875535,CS2_38
389.0,5552.314787996234,2239.735091111332,0.8724150542084625,CS2_38
390.0,5553.830495846574,2229.32883271348,0.8640240195926756,CS2_38
391.0,5395.415072678821,2469.929026918253,0.8579783985327682,CS2_38
392.0,5335.070980854565,2502.1476703861845,0.8576473881866487,CS2_38
393.0,5316.961671413388,2503.5696618464426,0.8574116096797494,CS2_38
394.0,5310.915091375413,2521.615940385149,0.8581634455764948,CS2_38
395.0,5288.352634891577,2561.8806369982776,0.8657980878433355,CS2_38
396.0,5388.341078438447,2384.5744879191043,0.8716417323532679,CS2_38
397.0,5441.795909234614,2340.263356540585,0.85776645816988,CS2_38
398.0,5435.797065901221,2385.134707603953,0.8565954145165668,CS2_38
399.0,5299.149443510745,2549.99026283744,0.8575181247115956,CS2_38
400.0,5301.493789457134,2512.6937008089158,0.8569659224530063,CS2_38
401.0,5317.9622024244745,2503.975650394801,0.8562973210817583,CS2_38
402.0,5304.259234146215,2513.36579247826,0.8639807102593186,CS2_38
403.0,5274.665569272707,2564.0540171103785,0.8651371716170634,CS2_38
404.0,5403.608324247762,2382.8873112757574,0.8657696868888949,CS2_38
405.0,5433.594280446996,2346.3730535302893,0.856695417795614,CS2_38
406.0,5373.998654109135,2485.8984799439204,0.8566955852869989,CS2_38
407.0,5296.525233010703,2524.787979512883,0.8565707774871536,CS2_38
408.0,5303.822010014206,2511.476136007812,0.8564489540104597,CS2_38
409.0,5294.698070509476,2502.1010325152893,0.8560804417728601,CS2_38
410.0,5292.056787374197,2502.6989085262176,0.8644005333755552,CS2_38
411.0,5336.71562991105,2403.0430032919394,0.8582875281105471,CS2_38
412.0,5284.806389451787,2666.4261758089388,0.8640873924797462,CS2_38
413.0,5308.289932872698,2590.8334493102047,0.8582721991148781,CS2_38
414.0,5381.027606070129,2363.229516868574,0.856926160311048,CS2_38
415.0,5279.477518144842,2584.098898878357,0.8564085062939532,CS2_38
416.0,5253.3055555862375,2613.754354989745,0.8563924594533846,CS2_38
417.0,5244.539777680526,2605.5360285264837,0.8563635481480265,CS2_38
418.0,5253.4154067992495,2590.4270139281725,0.8560800355867559,CS2_38
419.0,5254.946740594256,2585.1302611855644,0.8499682981649401,CS2_38
420.0,5243.368352598773,2592.848817352497,0.8581184145405665,CS2_38
421.0,5217.040217039001,2651.410447453658,0.8640072414236925,CS2_38
422.0,5344.386564249755,2461.290667979789,0.8643922289886571,CS2_38
423.0,5372.3250646842935,2420.807473668261,0.8646914091096419,CS2_38
424.0,5386.950595923321,2410.0734969304467,0.8648323996374574,CS2_38
425.0,5396.81072338979,2397.30844822136,0.8649951805983707,CS2_38
426.0,5402.217499825376,2386.7148846362834,0.8651319578865152,CS2_38
427.0,5408.858440061769,2377.731150621926,0.8578023185841592,CS2_38
430.0,5418.796006468068,2340.6927106273,0.8651673370155021,CS2_38
431.0,5433.347446987285,2280.616049047425,0.8580653537575949,CS2_38
432.0,5441.191870339819,2279.147528459121,0.8635648684626716,CS2_38
433.0,5396.203371385105,2384.6590126963056,0.8636000963697085,CS2_38
434.0,5359.638546511873,2389.8776363788857,0.864277503097365,CS2_38
435.0,5382.170710103703,2361.457021556882,0.8639409257100392,CS2_38
436.0,5393.906504933097,2330.0517984233884,0.8660746730045329,CS2_38
437.0,5413.1104276686965,2322.191788379074,0.8714403618473752,CS2_38
438.0,5426.2690646911215,2273.3203061808017,0.8648305017989396,CS2_38
439.0,5479.336257488511,2254.587056131655,0.8582970713472446,CS2_38
441.0,5390.999076459324,2423.1906711838383,0.8636875897123468,CS2_38
442.0,5386.000224726362,2357.973076885013,0.8582877957210326,CS2_38
443.0,5392.032991324901,2342.7081604300765,0.8651783785889267,CS2_38
444.0,5382.25159614766,2366.972952268523,0.8656827797492178,CS2_38
445.0,5406.55230427871,2300.945588199742,0.8582901874512552,CS2_38
446.0,5447.899586035113,2284.8837630481285,0.8569665055090934,CS2_38
447.0,5458.778158525674,2241.056159923057,0.857360433906149,CS2_38
448.0,5359.54834478948,2394.893889343046,0.8571348466119051,CS2_38
449.0,5352.626657187328,2388.8320094431983,0.8562008873651886,CS2_38
451.0,5352.156740904029,2467.0961680186447,0.864221645805768,CS2_38
452.0,5362.443680778611,2340.976321112772,0.8566797434066338,CS2_38
453.0,5419.58692394977,2318.5866438536905,0.8559964287041114,CS2_38
454.0,5428.4633105262765,2291.14777404326,0.8564710706663817,CS2_38
455.0,5325.204568329791,2426.721889227396,0.8563420527785043,CS2_38
456.0,5329.860623710323,2390.25432564324,0.8568493122515817,CS2_38
457.0,5339.970755835588,2395.394725005841,0.8633053064425971,CS2_38
458.0,5351.549754191772,2365.349024755589,0.8638278298432418,CS2_38
459.0,5342.1276504112175,2415.5668040786404,0.8640766294491607,CS2_38
460.0,5411.774372639717,2308.3525762866484,0.8642151793666516,CS2_38
461.0,5427.932524096686,2288.072011496813,0.864306372994783,CS2_38
462.0,5436.526921444747,2275.2912473582546,0.8644803466292261,CS2_38
463.0,5443.668205167574,2267.322793982632,0.8649387347033625,CS2_38
464.0,5447.325179112202,2261.370065010269,0.8651670234854909,CS2_38
465.0,5457.653686635895,2240.1519593191915,0.8652266990816246,CS2_38
466.0,5470.279762508697,2228.5897778204526,0.8652928654167985,CS2_38
467.0,5476.79649204819,2219.183973846666,0.8652954803790868,CS2_38
468.0,5478.671914420964,2214.4342127922573,0.8652745208520995,CS2_38
469.0,5480.374856882438,2208.731286676309,0.8651570118185343,CS2_38
470.0,5481.812988043996,2208.5126260557445,0.8651546142713837,CS2_38
471.0,5481.03204362659,2207.153226876282,0.865169859953209,CS2_38
472.0,5480.828865106625,2199.9975237353938,0.8651784123998738,CS2_38
474.0,5502.080117201433,2232.653756947489,0.8641478268868333,CS2_38
475.0,5361.691052006354,2499.940716008421,0.8655441554845261,CS2_38
476.0,5417.800501023323,2359.333716059704,0.8662977158148035,CS2_38
477.0,5380.924220253248,2396.22384240045,0.866422950516097,CS2_38
478.0,5455.3549704115285,2278.4038111362534,0.8579360595357285,CS2_38
479.0,5471.169046513409,2257.370201525722,0.8580564378801672,CS2_38
480.0,5424.024853198942,2355.599330493802,0.8582433415057164,CS2_38
481.0,5367.861580128854,2358.7705706721754,0.8579530625232821,CS2_38
482.0,5384.629160534198,2326.865382684482,0.8567624581812483,CS2_38
483.0,5390.833011034469,2316.3165745464794,0.8640229244614324,CS2_38
484.0,5376.395725754308,2337.9278209873883,0.8643079869714836,CS2_38
485.0,5380.224535342088,2293.2438521868025,0.8635311117548047,CS2_38
486.0,5437.388628337634,2254.073743965506,0.8560293343713544,CS2_38
487.0,5446.999113607424,2239.105665929936,0.8565133275539726,CS2_38
488.0,5376.677876044792,2343.6937291412323,0.8563987231546516,CS2_38
489.0,5343.863993931765,2345.8341517603258,0.8565381506121548,CS2_38
490.0,5366.661501828785,2318.711731311225,0.8558994319423806,CS2_38
491.0,5365.802662684175,2304.772861387435,0.8582404476080306,CS2_38
492.0,5350.083754039864,2348.2558669841383,0.8635436590097301,CS2_38
493.0,5382.1518599758565,2266.3233157211507,0.8561823248371174,CS2_38
494.0,5424.390437227878,2250.168286798551,0.8500455600828524,CS2_38
495.0,5434.860573253216,2209.839394955139,0.855452624711048,CS2_38
496.0,5333.083076909301,2371.880050425505,0.8499664555987466,CS2_38
497.0,5329.8481623498665,2350.7872194041847,0.8499301157804683,CS2_38
498.0,5332.286027090275,2354.599384750356,0.8557105332307522,CS2_38
499.0,5328.958447670157,2347.7088760455954,0.8570076580133266,CS2_38
500.0,5306.503609118634,2388.2859185813577,0.8573476707561988,CS2_38
501.0,5378.730808835884,2292.994649598724,0.8492475712771583,CS2_38
502.0,5401.983265109011,2268.1833201884874,0.8485542078969408,CS2_38
503.0,5364.2627118650125,2355.630815284734,0.8487168345089047,CS2_38
504.0,5289.987621602777,2409.3323982224683,0.8488818176866516,CS2_38
505.0,5290.050637189299,2394.3329217064893,0.8482014932689399,CS2_38
506.0,5303.191082582693,2368.161739048257,0.8553713980182059,CS2_38
507.0,5306.879902604967,2368.817937149608,0.8558040502934234,CS2_38
508.0,5286.581396305352,2383.851178989164,0.8560227356285607,CS2_38
509.0,5360.965619981405,2305.0255661925185,0.8561656448741182,CS2_38
510.0,5376.076843665564,2287.5423886216013,0.8562516261279658,CS2_38
511.0,5383.749859633856,2278.2771070734016,0.8563625765717466,CS2_38
512.0,5388.094335463888,2272.246200202091,0.8566224259952631,CS2_38
513.0,5392.595025498595,2262.137559339288,0.8566219221753157,CS2_38
514.0,5399.189944761689,2253.888055107498,0.8565488227906403,CS2_38
515.0,5406.003910257947,2243.904241011711,0.8565045938918606,CS2_38
516.0,5406.613643255318,2243.060445408046,0.8564294563353534,CS2_38
517.0,5405.5048112048535,2242.654185991967,0.856297528804078,CS2_38
518.0,5405.316772516409,2243.9506267274846,0.8562308683399367,CS2_38
519.0,5402.926341918821,2238.5448457715684,0.8562010158180018,CS2_38
520.0,5400.176120247401,2242.2322392430506,0.8561896134310949,CS2_38
521.0,5401.020094908075,2235.092287083913,0.8561215471244529,CS2_38
522.0,5403.849338680739,2225.232960628229,0.8561776556391879,CS2_38
523.0,5403.77146656008,2223.217539381701,0.8561083347981674,CS2_38
524.0,5403.9593172140885,2226.4081389441853,0.855534452471822,CS2_38
525.0,5293.569343401414,2490.4424938396232,0.8565134108073722,CS2_38
526.0,5351.615808373208,2354.928361627295,0.8570559623352981,CS2_38
527.0,5308.221984287313,2415.084614168441,0.8570995372324097,CS2_38
528.0,5390.078138431323,2272.60762427211,0.8488087819077698,CS2_38
529.0,5399.033791038011,2255.577304258317,0.8481197069922116,CS2_38
530.0,5351.168479621832,2354.363104097538,0.8475293202148987,CS2_38
531.0,5280.848849837479,2395.111802923828,0.8474668625862827,CS2_38
532.0,5264.443944133993,2387.9903356609284,0.849438342622776,CS2_38
533.0,5265.162827738124,2377.990211362194,0.8552258175894248,CS2_38
534.0,5279.335560664884,2333.963324489203,0.8491554602106361,CS2_38
535.0,5251.085195652617,2383.974831103784,0.8406841299189759,CS2_38
536.0,5262.897962927062,2372.3190812740067,0.8398820971871898,CS2_38
537.0,5253.804430415883,2372.943606725603,0.8480111408168355,CS2_38
538.0,5229.819260511868,2409.36452802844,0.8484484718390038,CS2_38
539.0,5264.730330383143,2311.1669246831443,0.8411506067686011,CS2_38
540.0,5326.50150203082,2288.7932482496544,0.8332899855796999,CS2_38
541.0,5339.378449056705,2265.4818073167407,0.8395126457956071,CS2_38
542.0,5222.632171567064,2420.254878804437,0.8393236297978185,CS2_38
543.0,5193.130486868351,2423.9270501640567,0.8249470875286359,CS2_38
544.0,5218.040399432473,2400.1467921265285,0.8310374051757443,CS2_38
545.0,5154.505627632432,2517.189354248112,0.8396472074412387,CS2_38
546.0,5054.314468876168,2619.49964338477,0.8402902857646097,CS2_38
547.0,5166.055388858309,2407.991644319496,0.8249690544789263,CS2_38
548.0,5242.15340501914,2364.353035548411,0.823197533508128,CS2_38
549.0,5257.9206837776,2340.521940594015,0.8234752043747263,CS2_38
550.0,5035.845885580988,2643.108597035287,0.8166221647104261,CS2_38
551.0,5010.97022983717,2634.952262283943,0.8161075275501757,CS2_38
552.0,5003.564251510892,2675.6234184518107,0.8238021508008316,CS2_38
553.0,4979.73567425611,2674.8426354973926,0.8316796958219488,CS2_38
554.0,4948.423095041246,2719.169580797432,0.832620128734792,CS2_38
555.0,5112.728125820577,2490.2220068300376,0.8332112476590404,CS2_38
556.0,5165.041133906867,2440.3505225177505,0.8388136289078754,CS2_38
557.0,5207.387636266765,2384.914881383884,0.8393007859732926,CS2_38
559.0,5248.9834762375685,2404.5101248662104,0.8394957656755684,CS2_38
560.0,5248.970167707535,2339.260882619361,0.8392099806288109,CS2_38
561.0,5253.689710191626,2324.902184995881,0.8390825465169174,CS2_38
562.0,5258.159433012421,2307.543121673283,0.8390165963352497,CS2_38
563.0,5239.658644573181,2334.198966608208,0.8389616452632694,CS2_38
564.0,5237.658673693251,2332.980242795951,0.8388595650688092,CS2_38
565.0,5235.564593782532,2334.433338160685,0.8389369891839612,CS2_38
566.0,5234.784085037711,2326.9024338398594,0.8389616239056483,CS2_38
568.0,5261.768873536261,2362.0119991363026,0.823226787358932,CS2_38
569.0,5038.830178239528,2771.8730690523653,0.8313430748735138,CS2_38
570.0,5042.908266725788,2637.530890621976,0.8324869252137017,CS2_38
571.0,4994.439387516533,2671.4228007137026,0.8331423343173026,CS2_38
572.0,5149.791054893554,2434.381914403646,0.8165098745808771,CS2_38
573.0,5092.507695290173,2605.938357027735,0.8151538243142679,CS2_38
575.0,4990.721522007239,2711.1548316054104,0.808102026603305,CS2_38
576.0,4939.862019344044,2689.529985196903,0.8162669779950069,CS2_38
577.0,4931.799985311809,2654.6243149688817,0.8234878772646022,CS2_38
578.0,4873.174181997369,2798.778695500296,0.8240683516963042,CS2_38
579.0,5045.790154766699,2525.9269434600283,0.8082318363161378,CS2_38
580.0,5090.854535549122,2480.72517547803,0.8068673410211792,CS2_38
581.0,5021.008998473117,2629.5310190718446,0.8066294238205086,CS2_38
582.0,4874.033305977995,2761.512684553745,0.8083882185034498,CS2_38
583.0,4855.346095615998,2754.0597910499782,0.8070494689403883,CS2_38
586.0,4949.429535782118,2442.185153790011,0.8154934215945348,CS2_38
587.0,4898.8537386211065,2540.089097017193,0.8166638881632209,CS2_38
588.0,4859.541745803981,2641.5556605379606,0.8083330723139117,CS2_38
589.0,4936.434369234987,2468.374658655572,0.7999870738976975,CS2_38
590.0,5028.780054546114,2437.954137719244,0.8063837082666814,CS2_38
591.0,5054.123616149416,2404.751903240758,0.7999784169451138,CS2_38
592.0,4877.526429492616,2695.085746954137,0.7996907970327305,CS2_38
593.0,4842.901550848852,2719.30229543864,0.7993338150082044,CS2_38
594.0,4842.181391229315,2728.757127369274,0.8083009340647744,CS2_38
595.0,4806.324089663496,2773.3477067911444,0.8143822373779962,CS2_38
596.0,4787.494607275788,2814.3952216982143,0.7999624886966924,CS2_38
597.0,4864.889456340956,2629.7932610241696,0.7987647668001111,CS2_38
598.0,4956.092692235659,2567.71745424156,0.7986173071645252,CS2_38
599.0,4986.083146016463,2477.3296416062512,0.7916213501204651,CS2_38
600.0,4818.4935228900285,2780.38083172706,0.7916106564234869,CS2_38
601.0,4786.464810731704,2774.0668549186084,0.7916196943364957,CS2_38
602.0,4774.384571290459,2807.037141854525,0.8061449732665578,CS2_38
603.0,4740.309246876248,2833.238988843019,0.8066964091402246,CS2_38
604.0,4720.903499094275,2869.378792900417,0.791636346095046,CS2_38
605.0,4819.326998216333,2685.713308296021,0.7909899614203704,CS2_38
606.0,4898.48335086045,2627.8712840484222,0.7916275560490094,CS2_38
607.0,4921.657519227039,2536.465992766636,0.7913605030670022,CS2_38
608.0,4737.840791885974,2834.256626455055,0.7912789209769991,CS2_38
609.0,4753.733444410464,2775.319102368172,0.7914688943793518,CS2_38
610.0,4776.075825661945,2752.898022137349,0.7998726485860074,CS2_38
611.0,4770.140636702476,2742.2870460415143,0.7999560639719443,CS2_38
612.0,4757.656321108283,2768.8035699212924,0.7916204408271529,CS2_38
613.0,4829.87528843584,2636.136793836602,0.7906282732999884,CS2_38
614.0,4893.047438556619,2611.1841826733435,0.7908135809632634,CS2_38
615.0,4909.894624360604,2550.8897073906846,0.7906412624266288,CS2_38
616.0,4776.122778687684,2748.241369581665,0.7904352839092421,CS2_38
617.0,4766.028852470568,2724.9922286385554,0.7907787089980334,CS2_38
618.0,4768.6538951784605,2723.8653468315606,0.7986495116997944,CS2_38
619.0,4764.953368956165,2725.0543764008908,0.7990615889715812,CS2_38
620.0,4739.841504422133,2763.193665484898,0.7993230740411591,CS2_38
621.0,4819.455650251999,2638.6225607068627,0.7993877285423722,CS2_38
622.0,4871.347863989999,2614.28021074523,0.7993878112955518,CS2_38
623.0,4886.283639984031,2593.765613754571,0.7994571136356847,CS2_38
624.0,4892.536423490441,2584.890528175514,0.7994242353869038,CS2_38
625.0,4897.223823264416,2577.7034476170084,0.7999637543421894,CS2_38
626.0,4900.364886920608,2568.094324162812,0.7999730100976052,CS2_38
627.0,4903.505660093739,2563.1727929215995,0.7999660200122588,CS2_38
628.0,4930.522226314759,2525.377227224992,0.7999466947780194,CS2_38
629.0,4932.118401735846,2515.658840553602,0.7999341810723504,CS2_38
631.0,4954.522690381447,2586.5952584812767,0.7984963545508442,CS2_38
632.0,4931.411659474892,2528.047113750013,0.7915597469075452,CS2_38
633.0,4930.116255396686,2514.079287782195,0.7980908113193653,CS2_38
634.0,4798.765241290056,2801.335520108115,0.7998134884100844,CS2_38
635.0,4837.842320453587,2652.3540626462745,0.7998915518346114,CS2_38
636.0,4769.342839950954,2709.85230749712,0.7906281422648591,CS2_38
637.0,4868.035916666478,2560.342948983809,0.7833098934802216,CS2_38
638.0,4908.410203285872,2533.42237186306,0.7833129659333863,CS2_38
639.0,4909.145331840002,2531.1705981758423,0.7832673447750925,CS2_38
640.0,4746.703976905992,2710.0715167960298,0.7826205782015672,CS2_38
641.0,4723.18785066031,2705.837091301044,0.783307653318542,CS2_38
642.0,4725.312779980188,2708.9308560807112,0.7911460458131816,CS2_38
643.0,4713.672267567745,2728.4928459100483,0.7914241311819243,CS2_38
644.0,4692.8444960694615,2756.9610416652285,0.7825097295008049,CS2_38
645.0,4783.893984915543,2642.8099497283984,0.7750335044616116,CS2_38
646.0,4826.8325503691885,2615.9830598447006,0.7819837580917472,CS2_38
647.0,4834.61458314347,2560.1394340347038,0.7750062592743584,CS2_38
648.0,4682.017023801134,2760.7730832240486,0.7750126089867635,CS2_38
649.0,4657.2352598998405,2788.8975692407985,0.7750046366683111,CS2_38
650.0,4691.173169507645,2766.7452961060626,0.7833542216006326,CS2_38
651.0,4665.454393688124,2774.1011484116025,0.7824697849605043,CS2_38
652.0,4716.691110717744,2682.6681409642333,0.7741247601704809,CS2_38
654.0,4804.941612256662,2735.5270090092963,0.7740988634897721,CS2_38
655.0,4686.079755542829,2809.1474165519176,0.7666940233205709,CS2_38
656.0,4606.767057499237,2863.9545044873084,0.7665753990207209,CS2_38
657.0,4629.361032096029,2803.7726529996144,0.7750230665510341,CS2_38
658.0,4643.267261778761,2699.5871469349368,0.7750275779352919,CS2_38
659.0,4598.642583558336,2816.396525230084,0.7818690816303033,CS2_38
660.0,4700.863870308793,2714.2610191364656,0.7657308295643138,CS2_38
661.0,4722.5050697011175,2688.715196504374,0.7662392287592744,CS2_38
663.0,4593.673698930012,2972.8776673487155,0.7658189143720274,CS2_38
664.0,4576.267573090328,2851.474440894148,0.7666930843451928,CS2_38
665.0,4580.487251292216,2831.428059214202,0.7741089726695822,CS2_38
666.0,4580.752569561475,2827.990807620925,0.774431494112687,CS2_38
667.0,4548.0964670414105,2866.614701149403,0.7746695498380107,CS2_38
668.0,4648.723893030663,2743.088716532628,0.7747627164100789,CS2_38
669.0,4677.583700336225,2718.027281640796,0.7748176662963226,CS2_38
670.0,4691.084539364907,2692.465583372861,0.7749037724613227,CS2_38
671.0,4699.772403560812,2684.8252961670514,0.7748622933881252,CS2_38
672.0,4703.866704977467,2673.8102001040825,0.774933611753307,CS2_38
673.0,4709.179432315053,2664.529351018078,0.7749791534216197,CS2_38
674.0,4713.929839204939,2651.451818336034,0.7749767373284698,CS2_38
675.0,4716.211550440581,2645.4835294185905,0.7749871588489929,CS2_38
676.0,4720.742939558055,2632.436920027889,0.7750531232748594,CS2_38
677.0,4726.399721066118,2616.624989767617,0.7751324885125204,CS2_38
678.0,4729.728424993053,2610.8754977328936,0.7751323026814316,CS2_38
679.0,4734.197394070623,2602.0320590407937,0.7666327593720679,CS2_38
680.0,4739.5885951371165,2589.735974176554,0.7583140394238733,CS2_38
681.0,4524.091149000782,3049.421057566329,0.7666121082428743,CS2_38
682.0,4549.452130322381,2892.296693294078,0.773404860202575,CS2_38
684.0,4556.093380026836,2891.269669820664,0.7576907056447647,CS2_38
685.0,4623.17566932366,2734.885069246935,0.7578113687349372,CS2_38
686.0,4642.426761225433,2704.0579225179536,0.7576075750908254,CS2_38
687.0,4529.563009615471,2842.9098639988806,0.7574589924057559,CS2_38
688.0,4479.000750463281,2822.644539307817,0.7499695227856846,CS2_38
689.0,4479.141723273686,2879.0809287072043,0.7655466183842412,CS2_38
690.0,4491.454321325378,2736.553480674585,0.7658122374424513,CS2_38
691.0,4496.344921776501,2833.8633901717258,0.7659089897794509,CS2_38
692.0,4492.5948807737,2816.726320773625,0.7499450426894988,CS2_38
693.0,4585.724740186939,2746.0257625286613,0.7499491410291312,CS2_38
694.0,4600.053278032254,2731.026462943584,0.7499588770181593,CS2_38
695.0,4540.941727883241,2865.7852989087987,0.7499617379896627,CS2_38
696.0,4459.971291406313,2847.144701945246,0.7499327891471267,CS2_38
697.0,4461.158826972882,2850.238649905717,0.7578347586401227,CS2_38
698.0,4470.362961267063,2829.083963196521,0.7582319938881897,CS2_38
699.0,4480.582144887478,2816.1463950307225,0.7582784969351234,CS2_38
700.0,4437.817625631084,2885.1615245611174,0.7416100836696653,CS2_38
701.0,4537.86844967361,2765.369417284557,0.7416218652390917,CS2_38
702.0,4548.976904501207,2756.979395578237,0.7416261042471418,CS2_38
703.0,4509.571204788052,2842.943919484678,0.741640293272539,CS2_38
704.0,4393.801414011396,2887.0485131245514,0.7416283722846035,CS2_38
705.0,4399.830943969806,2879.800379833614,0.7496111335551585,CS2_38
706.0,4387.144932879135,2897.3940781652927,0.7499602487194933,CS2_38
707.0,4393.441329124034,2887.1908397538937,0.7574812928140113,CS2_38
708.0,4389.128794828313,2887.050191014947,0.749740429182025,CS2_38
709.0,4473.289963474439,2773.510204450344,0.741647002468455,CS2_38
710.0,4522.790466888342,2736.5897396887885,0.741619970466869,CS2_38
711.0,4543.322081501712,2684.2157132332795,0.7416159697065923,CS2_38
712.0,4461.381986261171,2783.789452639059,0.7415907911557152,CS2_38
713.0,4437.147104354692,2805.8512696321704,0.7416019188000483,CS2_38
714.0,4451.992058351752,2763.8217775876983,0.7499412964887353,CS2_38
715.0,4454.804968991666,2767.915581501264,0.7574280807709493,CS2_38
716.0,4445.742451159633,2760.75918385596,0.7575188024324087,CS2_38
717.0,4482.540300953551,2686.216484175005,0.7575295384678098,CS2_38
718.0,4552.339793315681,2661.8737345687696,0.7575196012729235,CS2_38
719.0,4564.808649705199,2646.983985360479,0.7575332676528076,CS2_38
720.0,4572.249004010751,2632.203568025434,0.7575480930977269,CS2_38
721.0,4576.20089262363,2624.953794332396,0.7575351887829976,CS2_38
722.0,4577.060460645531,2619.516863268684,0.7575321386440758,CS2_38
723.0,4582.5929076420725,2605.0158157445258,0.757324515700141,CS2_38
725.0,4627.515098812,2680.907744836062,0.7572749568080617,CS2_38
727.0,4624.296968764043,2676.580118995742,0.7580705498980993,CS2_38
728.0,4581.673263463075,2589.00329139363,0.7499665885469813,CS2_38
729.0,4510.822058298921,2750.339060499782,0.7582990996615347,CS2_38
730.0,4624.975591550896,2611.8257983543663,0.7651595687732059,CS2_38
731.0,4569.116589021523,2626.450150702713,0.7577780095965135,CS2_38
732.0,4588.198228121513,2533.205425946486,0.7498731846147705,CS2_38
733.0,4640.763890335176,2523.206729414742,0.7493501572548569,CS2_38
734.0,4644.749762028587,2522.394577330524,0.7493895561099709,CS2_38
735.0,4570.728798026634,2597.998598093327,0.7416219924715065,CS2_38
736.0,4499.243241032498,2661.324583311929,0.7416132767249674,CS2_38
737.0,4495.9000176496775,2642.9038504817727,0.7499556345157142,CS2_38
738.0,4500.4009363728255,2638.9354137947084,0.7569757184340945,CS2_38
739.0,4477.99449179729,2649.2004249100573,0.7569842120551621,CS2_38
740.0,4460.916660871866,2652.937280240818,0.7416191601288261,CS2_38
741.0,4578.578227735561,2545.3943960898905,0.7333659576385786,CS2_38
742.0,4588.767382249673,2530.583433208405,0.7333600587168747,CS2_38
743.0,4558.219950245053,2595.4220100631355,0.733364127276894,CS2_38
744.0,4471.292708482273,2631.7949666616623,0.7333752267226924,CS2_38
745.0,4431.386866168497,2622.9375642564264,0.7333590258246748,CS2_38
746.0,4401.074916627898,2648.294957353879,0.6323744537677984,CS2_38
747.0,4410.480949879915,2661.4507140183123,0.7416874861201689,CS2_38
748.0,4403.324015463877,2664.5756767579296,0.7417028779345446,CS2_38
750.0,4568.814132289583,2640.1902437106764,0.7329066957830195,CS2_38
751.0,4478.48343638712,2630.82724076297,0.7576541113140869,CS2_38
752.0,4398.246659980039,2665.1534385709965,0.7485161741512628,CS2_38
753.0,4367.965130854456,2682.652963074681,0.7166755130010207,CS2_38
755.0,4653.383161022471,2268.5831747621014,0.7166433134947189,CS2_38
756.0,4478.850632940175,2554.3991049384604,0.7239265492763515,CS2_38
757.0,4228.05631152372,2765.4689678463983,0.7166553750778994,CS2_38
758.0,4179.808342634722,2677.2744663067933,0.6916720576353383,CS2_38
759.0,4312.754336573074,2599.496960986995,0.6833245304150062,CS2_38
760.0,4328.428383365477,2591.2947263846145,0.6750003488868667,CS2_38
761.0,4217.550217830591,2833.7200990256533,0.6666681371235765,CS2_38
762.0,4002.793153697669,2954.076589282122,0.6666540177207243,CS2_38
763.0,3892.232758268685,3027.682212197324,0.6583292797369158,CS2_38
764.0,3835.186077958541,3078.667585139497,0.6833173853362906,CS2_38
765.0,3752.7964810524136,3123.1510502417805,0.6833334410312148,CS2_38
766.0,3794.438894584935,2935.3445335004217,0.6666458672703583,CS2_38
768.0,4058.739718170691,3028.878463583853,0.6583062498731722,CS2_38
769.0,3955.3645214827848,3007.9194923436157,0.6499834061082783,CS2_38
770.0,3705.8913360486913,3177.790544739197,0.6499790165425035,CS2_38
771.0,3666.251032525295,3158.8378076968947,0.6416533903281079,CS2_38
772.0,3648.985707568092,3185.196641621384,0.6583068094017013,CS2_38
773.0,3613.330222934456,3184.4152509955165,0.6583236342920646,CS2_38
774.0,3575.8148283178743,3250.69511422352,0.6666499439556397,CS2_38
775.0,3560.1431479533494,3167.6834520644043,0.6416685628959913,CS2_38
776.0,3734.206675351656,3026.2334185878863,0.6416517752890795,CS2_38
777.0,3790.816394224443,2969.1894910284027,0.6416434232678973,CS2_38
778.0,3764.7243868488,3078.667951046431,0.633312583674966,CS2_38
779.0,3541.487482169032,3236.4298804616847,0.6333095368130881,CS2_38
780.0,3516.9563399345207,3234.414671325474,0.6249826288741867,CS2_38
781.0,3506.144047520007,3237.6799277291284,0.6249850646615035,CS2_38
782.0,3482.128570967994,3226.740835515433,0.6249880323032256,CS2_38
783.0,3448.908312552434,3289.8349051405094,0.6249825654692334,CS2_38
784.0,3405.770256894524,3315.584472324874,0.6166332009371585,CS2_38
785.0,3382.6300165203866,3329.537239203113,0.6166389985806514,CS2_38
786.0,3361.0835815347964,3333.316182868439,0.6249755691527402,CS2_38
787.0,3341.2556810007663,3346.693279905303,0.6333127954494371,CS2_38
788.0,3329.583987619495,3349.6929834294715,0.6333181802420292,CS2_38
789.0,3331.412178874656,3322.1466828075354,0.6333265676315925,CS2_38
790.0,3363.9590792297968,3335.647189469193,0.633315697410607,CS2_38
791.0,3510.176849252719,3086.0281837609946,0.6333099276335568,CS2_38
792.0,3538.176858746796,3081.12168001401,0.6333198591652365,CS2_38
793.0,3514.223761453177,3079.590211939474,0.6333102542965963,CS2_38
794.0,3514.927111873869,3052.3409005258,0.6333567296009069,CS2_38
795.0,3523.1616272398387,3035.513449675811,0.6333471770453852,CS2_38
797.0,3621.441493601771,3202.916851030721,0.6250781538262397,CS2_38
798.0,3529.2554627329228,3037.7322886501206,0.6250841789162107,CS2_38
799.0,3533.0055870866054,3005.359868137515,0.6583209783034271,CS2_38
800.0,3524.802398145781,2988.2640816022176,0.6499652525041134,CS2_38
801.0,3525.1618339554407,2990.982915036729,0.6416292991999966,CS2_38
802.0,3516.3814089045004,3035.623870693882,0.6414226217134547,CS2_38
803.0,3814.815773336626,2867.330377566396,0.6333086158048163,CS2_38
804.0,3739.723441961505,2853.489038109597,0.6332908262723662,CS2_38
805.0,3657.738782559223,2922.653789416316,0.6249663725822664,CS2_38
806.0,3604.894964043844,2939.6089438832205,0.6249714806642244,CS2_38
807.0,3570.7074577439125,2956.358155732756,0.6333120340816999,CS2_38
808.0,3542.1920566905173,2960.8581849351467,0.6329744385080701,CS2_38
809.0,3528.880013021677,2968.904888270757,0.6332525900488919,CS2_38
810.0,3541.052643196512,2918.391866929101,0.6249545922873668,CS2_38
811.0,3577.39765431227,2930.139459133541,0.6248780645079901,CS2_38
812.0,3559.8980894371343,2910.0648920706008,0.616629966302098,CS2_38
813.0,3569.336143341483,2899.517970526911,0.6166314503776806,CS2_38
814.0,3514.773411846065,2931.7200065239595,0.6166316738257027,CS2_38
815.0,3477.3673052588856,2963.54725708536,0.6166575791010487,CS2_38
816.0,3466.0237107510184,2961.5316355463,0.6166712782429606,CS2_38
817.0,3457.2740772822,2965.969202588749,0.6250000072094372,CS2_38
818.0,3450.010844721837,2968.109751575481,0.6166290728930479,CS2_38
819.0,3433.9772855038755,2963.922116490314,0.616633792981944,CS2_38
820.0,3458.7896662362327,2924.1089035434416,0.6083307649055778,CS2_38
821.0,3627.908158856328,2684.367098137678,0.6083075610583019,CS2_38
822.0,3453.741353818361,2989.559753334848,0.599977923558873,CS2_38
823.0,3403.224790062959,3000.1081750925514,0.5999640181402065,CS2_38
824.0,3346.2560210717784,3053.12063502922,0.5999779650395569,CS2_38
825.0,3324.178282138193,3067.1671263325843,0.5999639431333705,CS2_38
826.0,3308.100562754524,3077.133591625694,0.5999437688004932,CS2_38
827.0,3284.663452609646,3084.3386944238155,0.5999514463405876,CS2_38
828.0,3258.210633991286,3096.978851529566,0.5999822157382484,CS2_38
829.0,3256.288393300987,3091.4946147741,0.5999793228450006,CS2_38
830.0,3303.600990510953,3028.402473109163,0.5916408838023278,CS2_38
831.0,3292.3041129460908,3043.417636330938,0.5916113844669815,CS2_38
832.0,3305.257119945076,3032.9962569217896,0.5832958525350656,CS2_38
833.0,3272.8511651747394,3071.4016735521727,0.5833124574159021,CS2_38
834.0,3230.835999153205,3075.088730407355,0.5749674848117603,CS2_38
835.0,3209.0394504873548,3085.760378162085,0.574975737364879,CS2_38
836.0,3136.915605363378,3163.196109631273,0.583313984599499,CS2_38
837.0,3104.837606730638,3177.6958478955785,0.5749661611887215,CS2_38
838.0,3074.369453688443,3188.5081910113804,0.5749908133503789,CS2_38
839.0,3075.494585563196,3160.2746315791155,0.5749688822937539,CS2_38
840.0,3112.228564722056,3142.0561605936964,0.5666362056941192,CS2_38
841.0,3080.010053508682,3162.477742323943,0.5666622524344332,CS2_38
842.0,3037.932859213732,3184.883382869128,0.5583446126732303,CS2_38
843.0,3002.8883522243705,3206.960871218238,0.5583910795152429,CS2_38
844.0,2961.199235618464,3206.4920170843834,0.5500584281320625,CS2_38
845.0,2923.87211283308,3221.27325186471,0.5500642674436821,CS2_38
846.0,2907.3406887175515,3222.194994165038,0.5500666170008099,CS2_38
847.0,2890.0284445733414,3225.569671459263,0.5500515979333732,CS2_38
848.0,2874.294785764476,3225.7262552742613,0.5749717957416423,CS2_38
849.0,2882.950968771067,3182.305144144979,0.56663233066825,CS2_38
850.0,2883.8573198467493,3174.586744693632,0.5499615258614146,CS2_38
851.0,3111.9163454606096,3115.729039351921,0.541638395823834,CS2_38
852.0,2988.12198217673,3143.634240073334,0.541641128448623,CS2_38
855.0,2819.733643961102,3216.322366449851,0.533293455783103,CS2_38
856.0,2785.5934971155075,3208.961326152479,0.5333086101424726,CS2_38
857.0,2759.218902856352,3209.2425243599428,0.5416412802972168,CS2_38
858.0,2741.6567225492763,3215.3675628354395,0.5332894162484656,CS2_38
859.0,2820.578248059392,3081.6837607571942,0.5249799277085258,CS2_38
860.0,2809.1250389682828,3141.119220114735,0.5166555150252673,CS2_38
863.0,2672.909714757916,3241.5836061067384,0.5082937880039985,CS2_38
864.0,2606.158703012901,3274.631824395401,0.5083091117638162,CS2_38
865.0,2567.0653753366205,3297.363994803585,0.4999682072881748,CS2_38
866.0,2535.566019665159,3294.396805544995,0.5083145966413263,CS2_38
867.0,2509.160184579261,3306.519588695693,0.5082900110681347,CS2_38
868.0,2496.5821679315995,3311.615299915953,0.4999792652940394,CS2_38
869.0,2498.5509009651432,3267.600699147879,0.4999639645543407,CS2_38
870.0,2533.2537447045324,3236.4446942170907,0.4999502426752872,CS2_38
871.0,2531.5349452473747,3231.413891969976,0.49163560688163677,CS2_38
872.0,2533.91021062457,3191.4775241783645,0.4916301448364406,CS2_38
873.0,2491.879736355244,3271.9127704213024,0.4916137029140827,CS2_38
874.0,2429.1461054242973,3295.0375893603778,0.483347791797433,CS2_38
875.0,2414.239833347732,3294.631114865915,0.48333425433708743,CS2_38
876.0,2381.1779561368166,3297.2091691003297,0.48334526305424064,CS2_38
877.0,2374.5219519514067,3293.724926871597,0.4833339388509559,CS2_38
878.0,2355.600146700628,3290.8654305268137,0.48333006268960377,CS2_38
879.0,2339.6474486736406,3305.052908226644,0.4833330533047065,CS2_38
880.0,2374.1469098310627,3244.335268972238,0.48334160874549653,CS2_38
881.0,2388.568669583823,3226.773301620997,0.4749897833199072,CS2_38
882.0,2370.58455663576,3233.069887951482,0.47499894143753496,CS2_38
883.0,2367.209985967318,3211.4920274287,0.4750221534025473,CS2_38
884.0,2318.7727041271864,3268.865706304903,0.46666741196544836,CS2_38
885.0,2280.6172791380086,3277.4124444912304,0.4666622044150373,CS2_38
886.0,2261.289193005301,3285.865432067192,0.466703003771643,CS2_38
887.0,2248.695813102648,3288.6938095692312,0.46670188875948704,CS2_38
888.0,2229.9616055631195,3292.005774905905,0.458371927306099,CS2_38
889.0,2214.9775483470294,3289.787158020016,0.45841977330777983,CS2_38
890.0,2202.1963334619068,3289.693363049068,0.4584088394345174,CS2_38
891.0,2189.102840819396,3289.505845562729,0.47507987665820567,CS2_38
892.0,2177.7434500724776,3283.459211670677,0.48341076175087705,CS2_38
893.0,2165.7438057867694,3278.11541799258,0.4834194850569259,CS2_38
894.0,2208.025017606211,3150.119172069186,0.48341676752575546,CS2_38
895.0,2386.585562004475,3078.120965089067,0.4834195629211892,CS2_38
896.0,2422.9759062645608,3049.8093659728765,0.4833135789480257,CS2_38
897.0,2443.5850859915954,3027.153548965871,0.4749702796360346,CS2_38
898.0,2454.0069464646517,3014.451121287595,0.4666292203159232,CS2_38
900.0,2408.88061647028,3167.7114481392077,0.4499600026064004,CS2_38
901.0,2305.790657572723,3141.1023451671863,0.4416533532970136,CS2_38
902.0,2229.3524470326047,3180.1641609310936,0.44164490510720467,CS2_38
903.0,2157.8533035272485,3210.460379484633,0.4416423888209747,CS2_38
904.0,2109.5887017138884,3236.5535512022325,0.43331523816137396,CS2_38
905.0,2071.9797560342704,3248.20939086609,0.4333042628117924,CS2_38
906.0,2043.4022795798735,3254.990856008808,0.43331664619698806,CS2_38
907.0,2020.6058860479243,3262.0533892397216,0.433316694923371,CS2_38
908.0,1999.5593342499635,3264.1627849478828,0.43330982704723714,CS2_38
909.0,1984.85650383262,3264.412433208156,0.4333111285773506,CS2_38
910.0,2021.7151641352248,3198.0858952824783,0.43330511486293843,CS2_38
911.0,2019.9660897236024,3212.085584490589,0.4249756117154878,CS2_38
912.0,1996.668979757276,3217.8198699142376,0.4166349728008926,CS2_38
913.0,2011.684483893696,3178.476824785248,0.41664696438443893,CS2_38
914.0,2025.371592454685,3192.101745765598,0.4083268365850911,CS2_38
915.0,1938.6543097739632,3257.491028076911,0.41664042547823615,CS2_38
916.0,1880.483306139111,3280.068618955309,0.41665110665548166,CS2_38
917.0,1842.874737739825,3291.694755043718,0.4166334367625578,CS2_38
918.0,1838.5465826907312,3250.3194109603937,0.41664866663885686,CS2_38
919.0,1865.1397401816796,3229.007438297005,0.41662907914462943,CS2_38
920.0,1876.3585780626745,3214.4295765750867,0.4166377435660012,CS2_38
921.0,1873.6868255482989,3211.19555520374,0.4166583324871914,CS2_38
922.0,1880.6554886359368,3188.352327130706,0.4083078402517017,CS2_38
923.0,1914.452217728773,3144.9157016899844,0.4083111593131245,CS2_38
924.0,1920.499019750016,3138.30645659758,0.40831465862759,CS2_38
925.0,1908.8897315516951,3138.1346143237897,0.39998200509913623,CS2_38
926.0,1849.685370231542,3183.602171290753,0.39998340281376416,CS2_38
927.0,1832.703512201202,3188.883591053862,0.39163106945796833,CS2_38
928.0,1794.188411830255,3200.7895188642724,0.3833070982360947,CS2_38
929.0,1760.7198512191826,3238.397743943002,0.38331262007287104,CS2_38
932.0,1662.4245792768488,3274.443908821995,0.3749826024505128,CS2_38
933.0,1666.471537832811,3246.006734493625,0.374979736253464,CS2_38
934.0,1643.4539306984225,3236.0383015866973,0.3666650732232547,CS2_38
935.0,1612.8784419977746,3237.350633005321,0.36666913896661407,CS2_38
936.0,1589.0351347096148,3244.913012045726,0.3916849666641898,CS2_38
937.0,1573.1135289240628,3232.5227757545654,0.3750107518707311,CS2_38
938.0,1552.332721347455,3238.069474549615,0.3666719930770486,CS2_38
941.0,1707.3459857938242,3219.27363240268,0.341665826361665,CS2_38
942.0,1590.254380450122,3240.773591370804,0.34166306911065025,CS2_38
943.0,1536.614765655555,3218.354594337041,0.3333301540247997,CS2_38
944.0,1485.021686276952,3244.713049146721,0.33332358615240965,CS2_38
